{
  "info" : {
    "version" : 1,
    "author" : "xcode"
  },
  "colors" : [
    {
      "idiom" : "universal",
      "color" : {
        "color-space" : "srgb",
        "components" : {
          "red" : "0x27",
          "alpha" : "1.000",
          "blue" : "0x60",
          "green" : "0xAE"
        }
      }
    },
    {
      "idiom" : "universal",
      "appearances" : [
        {
          "appearance" : "luminosity",
          "value" : "light"
        }
      ],
      "color" : {
        "color-space" : "srgb",
        "components" : {
          "red" : "0.153",
          "alpha" : "1.000",
          "blue" : "0.376",
          "green" : "0.682"
        }
      }
    },
    {
      "idiom" : "universal",
      "appearances" : [
        {
          "appearance" : "luminosity",
          "value" : "dark"
        }
      ],
      "color" : {
        "color-space" : "srgb",
        "components" : {
          "red" : "0.153",
          "alpha" : "1.000",
          "blue" : "0.376",
          "green" : "0.682"
        }
      }
    }
  ]
}