{
  "info" : {
    "version" : 1,
    "author" : "xcode"
  },
  "colors" : [
    {
      "idiom" : "universal",
      "color" : {
        "color-space" : "srgb",
        "components" : {
          "red" : "0xE1",
          "alpha" : "1.000",
          "blue" : "0x2C",
          "green" : "0x2C"
        }
      }
    },
    {
      "idiom" : "universal",
      "appearances" : [
        {
          "appearance" : "luminosity",
          "value" : "light"
        }
      ],
      "color" : {
        "color-space" : "srgb",
        "components" : {
          "red" : "0.882",
          "alpha" : "1.000",
          "blue" : "0.173",
          "green" : "0.173"
        }
      }
    },
    {
      "idiom" : "universal",
      "appearances" : [
        {
          "appearance" : "luminosity",
          "value" : "dark"
        }
      ],
      "color" : {
        "color-space" : "srgb",
        "components" : {
          "red" : "0.882",
          "alpha" : "1.000",
          "blue" : "0.173",
          "green" : "0.173"
        }
      }
    }
  ]
}